Gender	Height	Weight
1	69.01229925	177.057807
1	69.87250293	179.6649586
1	72.31614019	203.988288
1	68.66214422	178.0858445
1	72.78342602	200.8327922
1	68.6329563	185.5380197
1	68.91960352	194.2784507
1	70.93997355	199.6482579
1	73.2743271	221.4310733
1	66.39230649	188.1919959
1	67.39334607	173.1274606
1	73.97227802	201.2051015
1	69.95734172	191.4955265
1	65.42607816	165.8480293
1	69.11804525	203.5966954
1	74.30896062	212.156854
1	67.43491395	158.4390494
1	70.04866729	204.7794993
1	65.84824643	158.1934461
1	69.54610867	181.6716508
1	64.87420147	172.8187161
1	66.05755164	167.9820225
1	66.53387233	159.6566468
1	66.34307264	171.6901249
1	71.6022308	209.0187001
1	66.13417537	162.6827288
1	72.07723711	213.1888636
1	67.38277715	184.7163117
1	69.20149328	176.2208696
1	66.75172356	166.3662646
1	73.28104025	201.407019
1	68.58531497	191.0262439
1	71.77872893	195.024269
1	71.31843409	211.9833444
1	67.08404335	167.8931769
1	71.42714388	215.1549854
1	65.76996679	170.5725209
1	67.41204603	195.4726639
1	65.82929662	163.105924
1	73.29535059	223.870178
1	65.18612139	165.0280126
1	65.34858963	156.2748014
1	72.356447	199.9724552
1	66.98812871	176.1987252
1	66.62651935	179.053683
1	69.08145675	176.8676042
1	72.10955999	206.6034338
1	74.79328824	215.2354402
1	71.79438488	199.3160436
1	66.11324199	172.4030194
1	69.0395225	192.0924492
1	64.80530289	147.3633503
1	71.11078218	184.1447111
1	67.33256617	173.0592135
1	69.07643561	173.3632677
1	71.09036372	181.0306372
1	63.93180404	162.2470758
1	69.92222458	183.779096
1	69.74123964	206.6364402
1	65.12689384	167.3002557
1	71.60824883	210.325952
1	72.90681755	212.7990405
1	66.68706964	169.2073232
1	69.62454975	171.3966631
1	64.08483409	164.462737
1	72.43632383	211.9427178
1	71.23796819	208.4940808
1	69.05507084	176.1418938
1	75.55355223	218.8872833
1	66.89699151	177.5734465
1	73.29833889	194.9485771
1	65.86403447	175.5625787
1	68.77985874	174.5793253
1	69.34260763	186.206275
1	67.9644694	173.911384
1	69.20824107	188.3848819
1	68.50914917	199.8965586
1	71.05187344	189.5949767
1	71.04782378	206.6895855
1	69.50423744	188.6651449
1	74.97695265	248.8488727
1	68.50319151	183.7312861
1	70.62675272	196.4159832
1	67.3942812	168.5207432
1	65.04244709	178.3016003
1	70.81389001	196.3480292
1	70.75080521	196.2966435
1	72.4995798	198.9399971
1	70.42118366	205.4654812
1	75.57944434	239.3338403
1	65.12404195	170.0561818
1	69.37117826	191.4057111
1	68.07473589	187.3351368
1	71.93484317	215.2802949
1	72.12114956	204.4574503
1	73.91290838	227.2570867
1	65.67760853	181.382417
1	73.37967826	200.0112625
1	73.74953651	197.6058747
1	64.5987969	173.9920943
1	66.30837258	181.9878157
1	65.97414492	177.6643156
1	68.60285621	179.187804
1	67.1367592	182.9622428
1	68.62993068	184.289729
1	71.48414941	229.6398615
1	71.54781867	199.7973813
1	68.61756839	183.1382237
1	72.630594	204.7619655
1	69.7438052	186.7057596
1	66.63825331	168.0392371
1	68.01728087	180.1583802
1	70.6036802	188.4238123
1	67.36679527	167.2919949
1	71.78994161	193.4375287
1	66.41396674	182.7101495
1	68.17139883	190.2356883
1	67.95301626	181.5957566
1	65.33407494	183.7696054
1	69.8576477	186.4284815
1	65.80899137	170.7048445
1	70.89660052	215.0622688
1	71.50044774	195.4760032
1	74.16131438	223.6129532
1	71.98355199	215.4539614
1	65.97897644	168.450366
1	69.00429955	196.3623362
1	68.46516344	183.6728691
1	65.03850302	164.3301332
1	73.68095844	223.6091365
1	69.55301238	176.2824086
1	68.92104647	180.7974271
1	67.73027492	168.5450764
1	66.9504806	174.8453966
1	69.54311635	188.0908666
1	70.44779166	199.3834529
1	65.70124431	173.2116087
1	64.8127073	163.4281217
1	75.07607647	229.2336713
1	67.54292838	166.3347966
1	69.99009839	206.660949
1	73.43172915	216.0151764
1	70.20188967	192.5280568
1	72.15209384	181.2436481
1	71.81892615	207.7091556
1	68.26710321	190.4694662
1	68.99360052	188.7756219
1	68.93342613	199.6329351
1	69.74653076	195.5265686
1	66.22625309	166.0526409
1	64.49971018	164.7231305
1	71.10619631	203.9830528
1	70.33413574	187.2478475
1	68.04220601	169.4308523
1	67.11287612	175.7763501
1	71.84168517	207.9578325
1	71.74367486	197.9368321
1	67.44950107	192.5855608
1	65.71570858	163.0080369
1	69.37532434	204.9735469
1	66.6432469	167.8135015
1	67.77991217	173.3879661
1	73.36585062	206.0338586
1	69.15719151	185.4144354
1	73.7421446	199.5130711
1	69.70166848	197.3504893
1	65.84488049	164.2769179
1	75.45632836	206.5035575
1	65.68265507	180.4904399
1	70.43358799	199.0683975
1	72.20379376	195.5764302
1	71.03550864	192.7560974
1	72.46475991	225.6337034
1	60.2437181	153.8314292
1	71.48407458	193.0097579
1	68.62659691	163.3874549
1	70.64280292	187.5065664
1	70.10982958	219.8576105
1	67.13344429	175.1523728
1	66.80124098	175.0437555
1	66.05437722	162.5170726
1	65.44212558	169.3797096
1	68.65377806	194.9398583
1	69.53394499	175.818975
1	73.93388062	218.5500933
1	68.04152768	185.1833394
1	69.82731011	200.2320206
1	68.57012544	192.3292822
1	68.98555395	186.3419021
1	68.51687944	186.3624116
1	70.10899043	184.1354362
1	65.82544519	156.804215
1	66.28230172	163.8364392
1	67.72149217	177.663756
1	68.67304228	182.1635617
1	72.86667291	215.4532728
1	68.99960756	171.4094652
1	74.34848515	210.3690306
1	70.87946725	186.270383
1	70.18784931	194.4002484
1	69.35183224	174.3595987
1	70.68104374	195.9858981
1	63.76911498	165.7017309
1	71.25361488	193.8295644
1	69.38506253	194.6154579
1	71.46433269	203.6329516
1	71.78561561	192.5508206
1	65.00540618	152.8013107
1	65.97564683	178.2950961
1	68.2807476	178.0623647
1	67.68111645	179.1317338
1	64.60060054	165.4633524
1	71.9543552	205.0129248
1	71.65370339	203.5601772
1	68.4449674	170.0464801
1	63.85301196	163.0207123
1	67.94518308	176.9359552
1	68.78953939	176.9361873
1	71.59523899	207.7961441
1	69.49894648	197.4562805
1	66.17147967	150.0234727
1	67.24025828	180.4100282
1	71.988627	203.6198922
1	66.85800514	177.4033824
1	67.57597105	175.8919596
1	68.99197756	194.3501088
1	74.62909812	226.8921536
1	70.81216225	206.2933696
1	70.85354963	195.2516665
1	68.55071445	197.0110497
1	65.03838338	154.1047767
1	69.98920526	185.845964
1	71.99374506	206.3373254
1	70.39854359	179.4248818
1	68.41379114	194.3852303
1	67.08611187	177.5431076
1	70.84758088	195.9693251
1	67.90755891	179.3102329
1	66.35290827	172.301394
1	62.47625672	140.1606586
1	67.06002082	187.7256784
1	66.75602922	165.9897821
1	70.18595092	188.0013942
1	69.2112071	183.0966242
1	71.17657121	204.4759232
1	71.63540703	211.6078614
1	70.87281146	179.3685297
1	72.18956204	214.6864845
1	64.39848323	146.6838456
1	67.69430474	178.1591534
1	70.47554358	197.8947574
1	71.5428329	204.7167984
1	70.10785175	199.4514313
1	64.05962301	161.0151546
1	69.46271544	179.6979185
1	68.79306017	197.1149299
1	66.35950612	166.1228608
1	67.24980031	182.8427467
1	71.9701402	206.8236053
1	72.71522454	207.2465812
1	65.18656942	172.4536916
1	71.56700247	211.1535665
1	65.8406383	162.4848661
1	67.94232746	169.9274968
1	72.55837247	198.8091869
1	69.09620299	180.7801748
1	65.93409034	157.7066937
1	63.80717845	167.3629444
1	67.31952013	177.1616118
1	71.87953849	196.6385661
1	68.70425904	184.2771588
1	67.93466159	182.6880222
1	69.26982929	175.0468418
1	64.86827183	163.1982061
1	67.18004528	177.8216571
1	73.15864187	230.9949047
1	65.75532366	166.965345
1	63.36976449	141.9017774
1	76.86685496	240.5367967
1	68.27104991	172.9412482
1	65.4808581	150.2923072
1	71.40815221	208.0593736
1	67.67864404	186.5043494
1	68.67139105	170.4318734
1	67.2409041	174.2952996
1	64.81500852	159.9404171
1	68.02379965	180.1285324
1	72.74691678	204.6143177
1	67.53830877	181.8650443
1	71.75999093	211.4808535
1	66.28724429	180.9149265
1	75.18479483	222.475211
1	63.48868365	156.7324313
1	67.23001355	163.4762666
1	67.79589341	169.0392154
1	66.38185873	172.7818241
1	67.19581553	194.235438
1	71.4807288	202.6715393
1	68.17906606	165.1132354
1	73.29458372	225.260179
1	77.1008721	240.4553518
1	62.60503487	152.7265497
1	69.5761714	203.289127
1	75.42368656	220.7571144
1	63.09028977	140.5170445
1	76.69096273	233.1586924
1	66.92766897	169.5351211
1	64.11642853	146.2373979
1	69.57833002	191.3772522
1	71.19029926	183.8455071
1	67.51937215	200.8970211
1	73.19300841	206.7505039
1	71.6256009	179.7539438
1	67.76859688	190.3202188
1	72.2751825	227.2693475
1	65.4181192	160.7366454
1	69.54380039	207.8748388
1	68.79120438	167.6704289
1	75.18126086	218.5132769
1	72.30881378	209.4555523
1	69.32693214	212.2892974
1	64.93053007	149.8376804
1	69.4862874	199.5341313
1	66.79047945	186.9303705
1	70.96178771	181.0509843
1	72.99329715	190.9041484
1	71.73234272	198.6359763
1	60.97203231	150.8650144
1	67.52488915	177.0209058
1	68.31467564	186.6321853
1	69.33978054	193.0413635
1	67.92638532	168.6859864
1	69.45425047	205.5505681
1	68.02041971	172.546901
1	76.84876127	254.2090732
1	70.5013682	180.1353244
1	69.98234409	176.4649261
1	65.8952151	151.183699
1	69.61845195	189.5849573
1	68.45108413	166.8327987
1	68.24080155	163.6325161
1	70.69376117	194.2306129
1	67.74912968	171.8759027
1	72.00252037	189.3862996
1	72.71349076	207.4596817
1	66.14773847	183.9350701
1	68.3768267	189.4659427
1	71.58721587	184.4579258
1	70.35616623	185.0245076
1	65.8889514	159.0058561
1	62.52578374	144.7500844
1	68.55628149	189.0364977
1	69.19698265	194.2577478
1	63.84604832	161.6976935
1	73.1433355	205.7218639
1	71.92510646	198.6746552
1	69.60402665	185.6395107
1	68.56609182	180.8895826
1	74.0407799	217.1226862
1	67.56291284	171.2664298
1	73.02831551	225.5640771
1	63.7561633	158.7472076
1	71.78977997	207.4936911
1	67.72561893	201.1164009
1	71.52900148	220.9406503
1	66.68774223	184.5082378
1	75.04448619	222.0345647
1	70.78969833	186.575626
1	67.49727036	180.7424593
1	72.07477551	195.0466341
1	69.10584625	190.2139872
1	69.14853316	190.345611
1	69.33697763	180.2395165
1	66.87828609	172.2853075
1	71.16440579	199.0429198
1	70.23598436	196.4614135
1	69.84542205	178.6740444
1	64.73733872	161.6502445
1	72.92397009	204.2202091
1	71.18455764	200.8371009
1	63.12192679	153.9447313
1	66.43368365	173.9950068
1	69.60643732	184.6441568
1	70.25103704	190.6540902
1	69.69960377	182.7008136
1	67.86273824	170.7950521
1	67.36022331	174.5861482
1	70.98367049	182.1364351
1	72.87126261	221.7566601
1	62.34831799	150.7219877
1	63.2183603	142.1588827
1	70.17429461	201.7130324
1	68.9555251	204.4275103
1	70.15639974	189.5090154
1	66.67387098	174.1592636
1	69.94407979	196.1781013
1	64.09800721	164.4822316
1	66.29944081	159.2359878
1	70.55733811	204.2802027
1	73.30023268	206.1031567
1	67.01784812	156.5448123
1	71.41954174	199.6674828
1	69.26202914	162.2882362
1	76.60018295	239.697207
1	68.71141787	195.3918622
1	61.0907475	147.2664635
1	71.85034482	202.6697031
1	65.25256635	170.5227456
1	67.22671859	158.1254581
1	74.85316362	229.402042
1	64.8709114	154.935692
1	67.84136251	179.6478444
1	68.68178119	188.2734245
1	68.84998861	193.7620992
1	70.03776116	190.7153681
1	67.54362176	196.4933152
1	68.42939694	172.9153065
1	67.6800145	171.6171246
1	69.16895606	191.8205726
1	71.81028076	203.2710666
1	73.86589046	223.4647469
1	69.76290473	186.2367508
1	66.60946864	191.8418546
1	66.16881646	154.5940318
1	67.14365457	182.6091392
1	76.48231871	230.7941955
1	69.54969956	184.4948278
1	70.00123097	200.5006781
1	73.84622487	222.6206637
1	68.98844537	173.0984303
1	70.64319256	198.4911677
1	65.14690769	153.2964373
1	65.23277081	168.7398997
1	70.10316438	186.6754661
1	67.79446031	179.9137661
1	68.77550368	199.6015142
1	68.02911514	167.541952
1	68.78922714	187.0567919
1	68.29951431	184.8400817
1	66.93745187	169.4503939
1	65.34370557	166.9585605
1	66.21243372	176.7479097
1	68.94985775	196.0356898
1	69.72369684	188.2495053
1	62.02804334	149.2312843
1	67.26234188	167.0745967
1	65.28591322	161.1482346
1	69.42534002	188.7794498
1	66.07113961	162.2018404
1	69.05083978	198.3717943
1	68.12469153	186.9076616
1	72.71761271	210.3653615
1	71.30022153	189.7945349
1	70.78164251	209.5119129
1	69.78353199	180.1372892
1	70.5240492	193.0946875
1	67.63696659	161.5441066
1	69.12835663	184.1422808
1	69.34749201	180.2857082
1	68.09675956	189.2663488
1	73.76866092	216.9682385
1	72.09890444	207.5399095
1	72.38609816	212.2125188
1	69.53868436	189.5331697
1	71.36206501	189.1567913
1	67.42549984	187.9526028
1	63.70136456	169.759771
1	71.66933582	208.3355069
1	74.46069449	217.6318664
1	68.50739707	167.8612982
1	68.11780897	171.7067826
1	63.03416983	131.8007029
1	68.73713054	190.1490037
1	72.0372678	209.9347076
1	69.41066208	180.7182577
1	70.9497701	194.2568513
1	71.01461429	192.8735091
1	73.10530709	206.8180266
1	69.1938714	182.4276164
1	69.89326863	196.0756369
1	71.07481836	198.0216914
1	65.56610136	162.3742323
1	67.22934227	161.7035362
1	72.24774718	217.3784983
1	69.44230008	174.8857285
1	74.10099025	217.1876106
1	69.59247919	181.6168367
1	68.64301734	181.3717231
1	73.89531523	208.0377021
1	72.03192392	198.9535792
1	68.48521351	184.65714
1	66.75521912	141.6749768
1	69.28988558	179.5618638
1	72.1219265	199.1208624
1	71.31698775	199.1576945
1	67.25284104	174.1750007
1	65.6408449	154.5031784
1	65.84979857	165.54269
1	65.59461283	162.2915973
1	68.83693336	183.6978268
1	64.45121158	147.0446574
1	67.38177284	179.319259
1	71.36636548	199.8815852
1	69.30053044	202.8387007
1	70.20434795	176.6590896
1	66.71039099	174.9901118
1	72.43208104	210.7229474
1	69.93619073	187.7287575
1	68.50236782	192.5783823
1	63.65150825	159.604267
1	72.26118465	216.8674672
1	65.90450664	186.0155051
1	74.09119004	215.9945585
1	69.65651121	182.9422925
1	71.86159981	194.76454
1	69.01202847	182.6866843
1	68.56137117	175.0419457
1	70.23041113	207.4128337
1	65.79677819	175.9122878
1	66.29642277	176.2527996
1	67.79858033	184.716885
1	68.21165696	196.0589978
1	72.79321973	209.8061215
1	68.72121802	190.1202445
1	67.04290303	182.7214524
1	70.77035713	197.3326127
1	67.52266055	172.8677266
1	72.96222705	207.5014555
1	66.55398638	171.4674808
1	64.39582837	145.3986323
1	69.99746382	198.8175082
1	69.21763371	197.3559951
1	71.45373738	195.538166
1	71.93849595	217.559784
1	68.99565852	192.5131646
1	65.03410216	163.9955934
1	70.03048877	196.0183367
1	68.30500073	181.1735588
1	73.11317679	211.4197751
1	70.72429207	197.3612466
1	68.84947966	189.7913412
1	65.93692307	180.5004852
1	71.52734143	206.5439534
1	72.65314462	223.9354499
1	67.52597275	175.4700212
1	70.22164729	203.9953168
1	73.22307094	216.1492177
1	69.68445763	201.6257247
1	69.74491521	197.655268
1	69.51146903	198.9559462
1	69.81272464	196.6131438
1	62.53713921	159.6459962
1	71.57050822	200.5465701
1	70.4599451	199.1835333
1	68.18615715	184.0952374
1	70.15601265	185.2578227
1	69.67261869	203.0382183
1	68.3844491	178.3074953
1	61.97668615	137.6665269
1	67.10706563	186.8791928
1	65.10293487	159.1047536
1	68.59195403	196.1840053
1	66.37461836	166.9234129
1	68.10610907	187.4200909
1	67.18904597	168.6951546
1	64.70895406	184.4266109
1	68.73351426	186.9922372
1	68.10845837	178.4611686
1	75.69038392	223.5875481
1	65.66251181	170.932864
1	70.72250534	198.1211834
1	67.55332131	178.2477847
1	77.54718634	242.0411726
1	68.01529462	186.0944597
1	70.76279566	196.7652611
1	67.87840172	152.8969648
1	68.07019014	169.3156865
1	68.46456508	182.130883
1	68.13855088	187.0784656
1	70.83048067	204.697662
1	73.16663811	232.7611663
1	64.74617432	176.948433
1	64.7784802	158.1725501
1	69.34761746	185.667026
1	68.44444038	183.8184077
1	69.28424016	206.332545
1	72.33347601	210.9644405
1	66.74727349	156.0972667
1	67.52289087	179.0467126
1	69.08886459	196.7387093
1	67.45524588	192.8355933
1	70.37498462	179.3742137
1	70.32909362	209.5852922
1	68.6087581	201.7819829
1	71.00690253	192.7945623
1	70.94422976	190.75103
1	67.76078743	178.8203402
1	71.80477292	220.3981272
1	72.93973647	199.0951714
1	71.36889076	205.2169218
1	72.8536001	199.8147077
1	65.75733211	167.6674324
1	68.76436014	185.9347782
1	68.66715796	206.5157566
1	67.53602809	177.0565155
1	71.97403705	211.9878503
1	65.86925312	176.1812895
1	66.90883423	195.4051954
1	70.53117466	176.9930779
1	67.38580918	171.0560827
1	70.51323065	205.7253839
1	72.43045508	208.1415371
1	70.54239278	197.0418585
1	70.19658029	194.6991935
1	71.19296145	206.1961801
1	63.5771769	156.8204149
1	67.83959025	169.4593059
1	67.0085794	168.9267944
1	65.49726246	175.4272478
1	65.53179963	177.6182243
1	68.79787905	186.8578388
1	70.89117344	182.2837059
1	66.32769905	156.6060464
1	64.23991228	169.8507691
1	65.97904809	173.8867612
1	66.03644481	172.140801
1	70.85237854	221.0532279
1	68.97780263	190.1486823
1	68.9253586	191.065683
1	63.86501825	161.7402602
1	68.47661745	176.7627716
1	72.13654594	214.5365688
1	72.95489543	214.5117606
1	67.89020885	168.824927
1	67.72232032	175.6348774
1	68.48608307	203.0092436
1	69.88973762	203.3908008
1	67.65689279	192.121524
1	71.43986985	182.1743643
1	73.28096683	225.2074354
1	59.86807793	117.8038417
1	70.836938	215.9469988
1	65.00080633	149.287684
1	69.03182552	188.2585986
1	69.96052189	199.8168098
1	67.1660564	162.8010639
1	72.76190639	226.7361551
1	68.53477063	186.7031045
1	66.17145826	149.9990757
1	69.16345307	189.1468614
1	69.3493931	184.3160882
1	69.805581	208.4352232
1	67.42890822	172.1120765
1	73.63133636	212.4851528
1	68.52573366	194.1106699
1	66.67568272	169.2539402
1	69.3830474	200.5666591
1	69.0613821	172.0352395
1	71.25062398	209.4821247
1	70.60240884	216.5111478
1	65.88013559	157.4505799
1	66.53174642	168.2474368
1	69.08579382	194.6431782
1	72.83899389	221.0804179
1	69.15310229	201.9940301
1	67.92331063	173.3486462
1	67.90152494	184.0596589
1	64.48592906	160.6776326
1	67.00135021	183.8267586
1	68.48850981	184.0067895
1	67.17889159	179.4444452
1	71.91504513	182.6715779
1	69.82350388	189.8086025
1	69.76865284	199.6728427
1	66.55735663	153.3726261
1	68.3799963	190.5009395
1	71.69717714	212.5090614
1	67.89928383	186.3812891
1	66.79400775	165.2596432
1	67.90758302	173.8980854
1	70.64357719	180.6688738
1	61.83484916	143.4214618
1	68.73525452	181.9548671
1	67.6044185	179.3890112
1	69.92970576	199.7216237
1	67.41021397	178.8333614
1	67.46477715	180.8758605
1	68.82933377	195.1620421
1	68.38842703	180.7377607
1	71.3296991	210.6644982
1	70.23272595	184.0251306
1	67.29797327	175.3386598
1	70.59577771	197.3145641
1	69.8416671	188.5122329
1	65.1111161	183.8622633
1	73.70602717	231.6978873
1	69.30812678	195.1764764
1	67.9059323	174.0867271
1	72.3595	213.2978873
1	68.93034945	187.8013369
1	70.87666684	209.2402536
1	64.63663123	162.4070267
1	69.06413056	176.3552112
1	67.68548994	178.5569228
1	76.73244646	241.6866013
1	67.88200094	181.0462054
1	63.15013091	154.801973
1	68.31325793	175.2266486
1	71.52842429	192.0729468
1	68.51188934	175.4331058
1	66.6154889	165.3501008
1	68.06686658	187.0383447
1	70.28737622	203.531509
1	67.92221313	177.0213348
1	71.45193004	199.2344387
1	68.08894311	173.8287649
1	69.14577478	184.4878335
1	69.83297043	196.3477833
1	71.77502317	189.6393057
1	67.90799543	199.479458
1	66.34148305	166.1074671
1	69.20342853	186.3937623
1	67.77700873	179.7840841
1	71.28373588	211.6275377
1	75.33084652	240.4408159
1	68.1714042	174.873337
1	66.75241965	176.1002667
1	68.54089462	190.1312339
1	66.72049284	169.6840868
1	72.44798372	213.2391086
1	65.24163708	152.2236965
1	67.12949751	155.5207128
1	65.11617204	153.1280671
1	63.75082807	154.6660087
1	65.45246396	174.9103282
1	66.99014053	160.1789715
1	67.3093047	195.0121295
1	65.00189643	157.5590241
1	67.69910171	185.0067766
1	67.26673585	178.6346845
1	68.21137388	174.898717
1	67.22246749	176.5382322
1	70.03000953	208.2727386
1	68.28416312	185.5375972
1	68.39148324	181.6953354
1	71.92934009	215.04966
1	69.13169187	167.8257649
1	69.85933144	202.8059751
1	68.54184169	180.3532255
1	68.85701105	176.6424219
1	73.59653263	229.5546366
1	68.33260484	195.8768153
1	68.26273943	183.0789534
1	71.43330454	196.380704
1	71.27924281	192.675508
1	67.1722775	168.183015
1	68.42215022	178.1714101
1	69.46944682	202.6498235
1	69.37071992	175.9371484
1	65.07828939	163.6724806
1	70.3198276	190.0478797
1	70.12003003	192.5539562
1	68.66078513	182.3590433
1	68.43166034	166.1145086
1	71.18938408	202.7827357
1	67.99189545	179.3905638
1	65.34446344	174.258683
1	68.91988117	189.9185711
1	69.59855127	186.898569
1	71.64834487	211.2403332
1	66.32905726	175.6835879
1	67.63532327	196.6247889
1	66.88782311	181.5670857
1	67.49301159	171.6060633
1	68.48641203	172.546072
1	74.6774709	218.8450257
1	64.31806112	157.7830207
1	68.60210042	191.9589002
1	72.49958356	212.9703033
1	72.55374162	222.361125
1	64.41603493	158.0881777
1	71.68752674	202.8215431
1	69.68991347	177.9888162
1	68.2076337	184.0279772
1	70.04706551	179.7234884
1	70.65443879	184.3836032
1	67.27264528	190.30285
1	64.79438867	153.6261196
1	70.51884172	202.4685999
1	68.90271401	191.8358247
1	71.22952896	182.8087315
1	70.68894333	186.7923627
1	67.95292159	171.2171413
1	73.92142853	211.1630545
1	66.18357528	180.1120604
1	65.31599882	189.4207282
1	70.14231466	175.1804902
1	58.40690493	121.3383226
1	72.45072137	201.9195631
1	67.49526034	165.2502638
1	67.00180414	165.6033214
1	68.1047853	186.9080199
1	68.25414488	178.9296041
1	68.60584729	169.5481317
1	72.11910358	205.4912294
1	67.23697838	175.9086498
1	72.69337874	203.4535958
1	63.17565499	139.1329764
1	66.57077256	189.8437093
1	72.90065123	222.5090549
1	74.52945456	225.5400789
1	69.42855741	169.5746208
1	72.78376608	201.6680396
1	70.29481492	191.9866127
1	72.21229709	188.9359093
1	70.38774653	181.0023589
1	71.57377752	215.2974474
1	67.564457	168.5404165
1	67.51248465	186.2912762
1	72.8754443	190.3419208
1	67.65278593	165.1037698
1	61.76725898	146.3969727
1	69.16223083	179.8177682
1	65.65950483	151.6274343
1	65.85452521	160.1119988
1	69.76886219	186.3328433
1	67.01218541	166.6316658
1	67.6684485	193.3040688
1	74.97523083	214.4954893
1	73.50425938	188.8758935
1	65.67364341	170.0627941
1	67.1658594	182.6803524
1	70.37860781	193.9450869
1	70.79827074	198.3880008
1	71.22176347	204.3599175
1	66.75286629	163.6906888
1	69.35945795	185.2848072
1	63.00957342	135.6308771
1	67.07696905	182.5552848
1	71.17115346	213.4572326
1	66.66156475	172.0145383
1	68.50294349	195.0453193
1	70.09954493	181.9560015
1	69.59979495	208.9487746
1	70.69500104	192.0257859
1	71.20856581	204.242177
1	74.65054027	213.3205204
1	72.19748951	199.4919886
1	66.37565644	175.6913553
1	65.82763578	192.8816405
1	67.68321858	192.1500419
1	71.22017787	210.4565046
1	73.10336405	214.3721615
1	68.17396371	179.0703394
1	67.88451532	182.2263312
1	66.78580356	186.3047356
1	65.94111937	181.0691758
1	65.38862848	165.5462129
1	70.29443985	183.8239454
1	66.76546742	168.0745119
1	67.4142774	183.8392214
1	69.02190109	198.6229896
1	66.73075455	174.156893
1	65.09196082	160.4707359
1	72.72580656	225.9846841
1	70.53466725	203.7632915
1	68.47458526	183.3751339
1	67.9304599	178.9659638
1	71.54280818	212.4435101
1	70.03504268	193.7754773
1	67.54359718	187.3541591
1	70.93092939	188.7038853
1	72.49517682	225.3785903
1	69.96988584	203.2756946
1	66.42865193	176.2182046
1	70.4179703	190.3244396
1	71.3870199	198.8226474
1	62.43027625	152.8413408
1	72.17530912	188.6306572
1	67.83000134	172.776569
1	70.43634738	196.1755535
1	68.41676724	188.1177003
1	71.48344023	209.9147415
1	72.153511	196.538474
1	68.90865204	185.0551325
1	66.02230554	167.3788165
1	74.21052139	204.7593437
1	64.58526339	157.5566115
1	71.87001108	219.1978779
1	63.95849617	138.5765641
1	65.5200758	166.4221092
1	71.97369338	205.85637
1	67.36664012	167.9375313
1	66.42424798	169.4056189
1	71.58552406	193.9786226
1	72.76032466	219.5212538
1	68.80992256	186.9088165
1	68.37909795	179.6324907
1	70.47481471	193.6474561
1	70.04064053	199.0376791
1	70.17830705	198.3676122
1	72.83143442	206.6653137
1	66.41622584	177.6768805
1	73.80176657	218.9797258
1	64.27649307	159.7386681
1	66.72444457	182.1984059
1	70.41492125	192.6830615
1	65.39918209	146.14673
1	68.2152298	183.1433826
1	68.51488725	169.1350738
1	66.66977504	180.4687419
1	73.68336434	213.5466868
1	70.37207446	192.0782512
1	67.85145907	181.7188851
1	70.55512567	205.989402
1	66.81402603	186.3248398
1	74.217091	222.8298506
1	67.67287524	173.8074183
1	67.28400618	172.6768741
1	72.61446184	205.3742526
1	65.37336656	172.9429842
1	72.169391	204.9855117
1	68.08378211	194.1430492
1	66.14161348	170.8980278
1	67.88908219	170.9302018
1	68.13016807	194.9252711
1	63.79144609	147.1449583
1	67.07165992	164.8066059
1	69.38873246	194.2304276
1	69.57691046	182.8887134
1	72.55969529	210.8636397
1	68.00799418	171.2220807
1	68.5540973	172.2157454
1	67.63746619	194.8270412
1	66.06711526	167.4857955
1	68.38764886	179.6517586
1	69.61340383	188.8687778
1	69.78963253	192.4383247
1	70.75078014	212.6476666
1	70.51041016	174.8848844
1	72.98322094	224.3725199
1	67.01382842	176.4652113
1	70.3585576	183.3837722
1	65.67307695	181.5956312
1	64.53373761	153.5834533
1	63.86204107	155.0812367
1	70.80982653	203.9784177
1	67.80901469	179.9344654
1	67.6159545	185.579959
1	67.90243707	173.3975281
1	72.67888504	216.6863153
1	65.25560915	145.3352606
1	67.51220432	177.4228201
1	68.73722074	169.6417369
1	70.36731416	202.5715802
1	72.04083408	199.1736004
1	66.99586413	166.5673594
1	71.5311788	199.9735437
1	69.68208839	187.5760516
1	66.1902381	170.414341
1	66.8231542	173.6107366
1	65.85141832	169.6068598
1	74.00796268	219.8957391
1	66.38143543	172.7359083
1	69.82844926	195.9790196
1	70.14476291	194.8313955
1	71.70930757	205.6484492
1	67.53060627	167.6137769
1	66.00806744	167.0116321
1	67.44514266	165.2742449
1	68.93179524	182.3642953
1	66.53083504	189.3613951
1	71.16944715	195.3305956
1	68.91283093	180.823138
1	65.41833426	160.7703087
1	70.43717697	200.2047343
1	71.26893074	189.3074613
1	68.35981059	174.1982892
1	73.33959	217.0610533
1	72.30019039	213.2294517
1	74.04328976	219.3379088
1	68.30283918	193.702694
1	65.14231429	171.6167099
1	60.61411476	156.4583548
1	68.9744814	192.12988
1	69.48456292	188.8552055
1	65.00141316	161.0294158
1	70.21337543	197.5000192
1	64.99289154	138.9241726
1	71.64441882	190.0632856
1	72.61681633	224.8579017
1	71.0465619	191.274562
1	72.72634178	218.7662937
1	69.11983055	176.6659592
1	68.97394183	182.3122087
1	71.53097768	203.820261
1	65.32733671	171.762518
1	73.09287082	193.9441806
1	68.86006247	177.1310522
1	68.97342283	159.2852282
1	67.01379497	199.1954001
1	71.55771849	185.9059095
1	70.35187988	198.9030119
0	58.91073204	102.0883264
0	65.23001251	141.3058226
0	63.36900376	131.0414027
0	64.47999743	128.1715112
0	61.79309615	129.781407
0	65.96801895	156.8020826
0	62.85037864	114.9690383
0	65.65215644	165.0830012
0	61.89023374	111.6761992
0	63.67786815	104.1515596
0	68.10117224	166.5756608
0	61.79887853	106.233687
0	63.37145896	128.1181691
0	58.89588635	101.6826134
0	58.4382491	98.19262093
0	60.80979868	126.9154633
0	70.12865283	151.2542704
0	62.25742965	115.7973934
0	61.73509022	107.8668724
0	63.05955669	145.5899291
0	62.28683837	139.5227077
0	61.82747755	122.7661667
0	66.34753722	157.3809648
0	65.32063203	145.0373756
0	66.1038728	148.6451826
0	64.52718203	132.6808682
0	56.54797498	84.87212365
0	62.73928093	138.5304211
0	61.58519865	137.4252868
0	62.02442483	124.6039406
0	65.31133414	140.2667004
0	61.20495607	108.2901042
0	67.02509352	150.2191759
0	60.21116656	119.0375342
0	63.93997277	139.4959573
0	63.35780516	125.6132382
0	63.68506845	132.2829779
0	60.28887039	130.440809
0	63.40728979	128.8483894
0	60.63160012	109.7196963
0	67.37359659	146.023295
0	66.8727416	158.8551942
0	60.04714722	114.6035259
0	64.15447227	133.1383556
0	63.46166489	128.9509609
0	67.24386795	154.0615748
0	66.21359451	139.0011336
0	64.69282138	138.6808136
0	66.19928328	180.6983171
0	65.85337582	149.1185284
0	65.04952022	145.0735386
0	64.47761515	144.6382457
0	62.54007732	139.4786439
0	61.59623162	129.9771492
0	60.95032891	117.4225887
0	63.5532238	137.4920704
0	62.24834635	138.3824133
0	66.19059084	141.2719561
0	62.54805798	123.7128539
0	66.62983432	145.5947116
0	59.60856014	109.813156
0	64.49339476	159.4560658
0	64.9365559	152.419352
0	61.37925849	141.4274506
0	66.07078721	147.7523301
0	63.91443166	131.5137046
0	69.61980602	157.0237338
0	67.18153588	156.9508471
0	63.39905083	143.8404297
0	61.2131715	98.70749259
0	59.6678488	126.3552557
0	64.08940647	134.2110172
0	60.57806288	118.2428118
0	62.1148664	145.3373594
0	56.15945802	90.81525566
0	67.44927297	170.8303536
0	65.06514463	156.1631269
0	65.52885617	138.9895355
0	63.14965274	124.1937717
0	58.87430067	102.9270775
0	66.02123191	141.6562452
0	61.52509112	133.5285077
0	63.5843105	133.1894038
0	59.78676291	116.9048715
0	67.14920636	139.5528148
0	62.32308708	127.130913
0	65.14765956	134.6620247
0	70.62859645	170.1484685
0	67.38745119	164.8926584
0	68.13040881	177.2401312
0	63.48845964	124.0528718
0	61.16306528	107.2354433
0	70.71013953	161.3634843
0	65.20885481	137.7030416
0	61.35948933	123.4201346
0	62.07171519	142.6636194
0	65.40488188	144.0259412
0	61.82336812	112.0018617
0	62.94719725	123.6842386
0	64.36303372	133.183927
0	64.03853748	147.240564
0	69.78833269	167.4376589
0	62.82235002	126.816039
0	71.99125654	177.3660018
0	61.99408654	134.417292
0	65.80460587	139.4832096
0	60.03061012	104.4973318
0	64.49886565	146.125363
0	62.04964451	119.8653774
0	64.56797941	137.5341643
0	60.50431592	116.3819743
0	61.21444992	128.2664989
0	65.7806083	146.8563543
0	60.6742784	115.8050352
0	64.78985261	124.1725273
0	62.99657931	131.0042845
0	63.80948265	142.4217765
0	62.27990011	133.2552611
0	61.71103191	108.028807
0	64.82264546	142.6970393
0	65.53508718	146.1355424
0	61.33665902	127.34182
0	57.10386947	93.5063159
0	56.44568503	96.64024466
0	60.8155622	132.174817
0	61.46478353	137.299169
0	61.9240636	126.4316967
0	66.66459015	153.9485134
0	65.08266578	141.1253511
0	63.493143	160.5546039
0	64.59028563	140.1760817
0	61.02434221	134.1937126
0	62.24708076	117.2303372
0	65.06012567	140.9852458
0	63.21982429	142.9734064
0	63.22901952	131.2381262
0	63.27892843	134.8275936
0	66.05067057	138.9063787
0	63.03770494	127.0703939
0	62.62808294	121.724753
0	61.66856602	111.6196124
0	63.4440555	126.5076312
0	62.06942481	121.9612849
0	68.00680397	161.1647092
0	66.53495889	163.5615007
0	62.5498458	118.903204
0	65.18223886	133.5140097
0	65.22690075	123.1733821
0	63.95483038	121.8886371
0	63.82603844	149.369119
0	64.09121223	130.9722097
0	59.6456491	116.551867
0	64.29921744	140.1068064
0	66.15762817	143.7091839
0	59.08869463	129.2726075
0	63.96153518	140.7621884
0	62.40706413	120.3033498
0	65.46078494	141.8851297
0	64.98197829	157.8291518
0	61.81765527	121.6150002
0	63.82601773	153.8461075
0	64.27077207	134.1388161
0	57.96193618	112.2269836
0	58.59722547	104.7974634
0	62.43086682	127.7652495
0	61.2184549	119.2754268
0	61.70639378	110.9233443
0	67.40787625	159.7282136
0	63.0419971	122.0872455
0	63.91771943	135.6972842
0	66.25955804	138.8399399
0	60.96731744	113.79525
0	62.3828476	125.347102
0	65.75280953	160.2900485
0	66.25260405	150.0964548
0	65.95375622	163.5971219
0	62.02837306	103.2750293
0	61.52060853	127.3906609
0	65.14361589	141.5753003
0	65.27433111	136.5085062
0	57.44256697	104.4866362
0	64.56610758	129.7754571
0	57.31390274	95.1390468
0	61.83922985	110.4141611
0	63.61781518	122.5903559
0	64.48516473	150.4028987
0	66.11415561	158.9539335
0	61.66852287	112.9355906
0	63.30959493	144.0175193
0	60.845512	135.9564499
0	60.44739666	117.653785
0	58.8616251	90.72856088
0	66.56377205	156.832191
0	66.34567466	158.2851317
0	62.69642852	134.3959787
0	63.11386926	124.8185301
0	61.74305495	111.9640925
0	61.62998659	111.1724659
0	61.52602233	124.8824341
0	64.23446984	130.2196381
0	61.7595465	131.0222304
0	64.83019327	148.9843128
0	66.75907054	150.8813297
0	67.19076332	176.4329016
0	62.95527375	150.5825209
0	64.27624274	123.2988015
0	60.77915797	110.8800454
0	60.62849862	130.9998242
0	59.02808724	111.833549
0	63.30601816	134.3237693
0	61.61994587	113.1701561
0	61.19722319	115.9063959
0	63.21875893	140.407858
0	61.97993469	119.9108456
0	56.78543437	83.99307747
0	62.80619937	116.7333151
0	58.75125363	97.7224906
0	61.23624749	111.5027074
0	63.31981767	119.3159883
0	66.90945227	151.6128907
0	68.27672544	177.0852419
0	58.64865968	100.2342507
0	64.06287248	142.8694695
0	64.49323626	141.7356758
0	64.31878981	136.1131124
0	66.53752819	162.0245078
0	62.67409439	147.5178987
0	64.31632835	135.1542207
0	58.06155297	113.0607203
0	58.9265027	105.3299015
0	66.25529843	148.832458
0	65.66564956	131.339756
0	61.34958144	120.500037
0	64.58685574	147.1793845
0	65.46554701	150.4691607
0	63.01407212	129.18901
0	64.85254998	140.2286027
0	63.1819005	144.6849933
0	62.02735749	131.3586621
0	64.77087208	139.0345752
0	61.45650433	119.5484975
0	65.2713831	145.2450829
0	64.39271121	133.3183569
0	62.59891336	119.1461736
0	63.85000818	149.7618856
0	65.29686849	150.2536503
0	65.12906585	147.7724804
0	64.49042271	157.1169704
0	62.45708954	124.4365264
0	67.40316149	154.2590685
0	70.39273783	184.6586105
0	61.79188572	118.1663942
0	65.33363739	149.7253941
0	68.17489212	144.8179076
0	64.46706524	143.6633823
0	63.60048006	131.0408728
0	65.06001174	144.7589644
0	61.12472659	117.388949
0	64.67687892	131.1821481
0	65.67061729	158.0443331
0	65.62991846	130.1343564
0	62.81190786	129.8223834
0	61.75269595	112.9099478
0	63.4758722	127.1607048
0	60.89451947	128.103419
0	62.93492621	132.6165254
0	64.96001513	154.7390312
0	68.50493009	155.7206526
0	68.48136864	180.9224541
0	66.11007508	176.3527848
0	61.10420513	133.1840998
0	62.50136418	128.581092
0	63.9867085	146.2658148
0	65.50272429	150.3009502
0	61.46870338	128.7429729
0	63.30608624	128.7296883
0	63.01236239	128.1488129
0	66.66828573	145.3460937
0	59.52878826	114.7521017
0	58.98713894	100.743008
0	63.96594219	130.6118695
0	61.65992175	104.3424698
0	65.87502066	146.9627167
0	70.43546305	163.2180616
0	62.64504174	117.4606364
0	62.96592183	130.0245322
0	63.92177623	135.6659904
0	67.40852785	157.8533245
0	64.07247319	153.4650394
0	60.85962004	112.0907533
0	62.51740907	128.6610478
0	63.59937264	130.048575
0	60.96991273	115.2281659
0	63.18686489	132.9770674
0	67.15119145	166.5201188
0	60.80771209	117.1835316
0	65.56472076	155.2560443
0	68.58419476	165.8078729
0	66.98698013	155.3302344
0	59.30400667	124.6679399
0	57.39774037	106.5875627
0	63.30000561	121.948217
0	63.93043498	134.4091595
0	66.39487563	162.3033988
0	65.37997421	142.8751415
0	61.45864498	109.2083314
0	62.07039642	119.2989868
0	60.91177092	131.7108128
0	67.04197172	139.993374
0	58.44507284	90.40667477
0	62.22450202	133.8752379
0	60.71778284	120.569576
0	63.56876019	154.1454119
0	62.19169744	112.9354609
0	59.77645519	120.7436378
0	61.62734724	123.6372253
0	62.42696121	127.616506
0	60.24335877	131.6611102
0	61.09968452	117.1967838
0	63.80355837	146.0697891
0	60.12149408	110.2773991
0	62.15153903	117.6226431
0	60.84550828	107.4460544
0	60.81492666	110.1412146
0	66.64069197	133.0069435
0	63.9734479	149.4089927
0	62.11035132	136.8708553
0	64.62329203	134.6110153
0	65.23591282	128.446415
0	62.9747851	137.4745698
0	64.72079374	143.8408398
0	61.99110332	124.2630529
0	63.03448673	125.4670161
0	61.72207869	107.2247071
0	66.23547229	149.4134676
0	64.94853593	155.1331864
0	68.0047072	142.2892548
0	63.56499447	134.1113743
0	65.90474446	126.2770399
0	61.58267021	127.6865153
0	60.85088181	108.9458371
0	61.47093776	114.6742794
0	63.23651754	132.1754949
0	67.94539137	162.1639747
0	64.36352039	155.5734994
0	55.33649241	88.36658258
0	61.58719643	117.4781494
0	67.09858325	160.6933299
0	66.47084598	161.374933
0	65.04972037	128.0390861
0	61.17798324	121.3270625
0	65.94265808	157.0229869
0	62.19602038	124.1572891
0	66.93512914	154.9473051
0	61.43239994	127.84452
0	62.99606997	141.0720783
0	62.73209196	126.3737849
0	62.16490439	119.304213
0	62.92547551	120.1924316
0	62.4557193	138.3607652
0	55.66820212	68.98253009
0	60.96014679	124.8767957
0	65.47109105	144.3791218
0	60.89292556	134.7135552
0	59.80509278	102.1472298
0	64.44349555	151.5239473
0	69.00783124	159.0868708
0	66.65463638	156.7642919
0	64.32831721	134.744705
0	63.78503821	152.5591964
0	66.55609731	154.3934174
0	65.56744525	166.9598257
0	67.80378945	162.509491
0	68.31711986	150.5332006
0	67.46060493	165.8669352
0	61.45527924	101.8011046
0	59.97372202	111.2242901
0	62.78673268	107.6958535
0	62.07120211	122.6337939
0	57.88297788	110.7259721
0	59.23919876	111.1812361
0	60.84834324	114.9499973
0	59.76340044	112.741362
0	63.68469752	134.2638812
0	62.63592683	119.7891601
0	65.12522054	141.5972182
0	57.86970441	93.53375287
0	69.90946195	162.4654324
0	62.86162792	135.5205356
0	59.6319099	109.2816387
0	64.3254058	156.8005036
0	62.77453234	144.9062074
0	63.64204534	118.1867179
0	69.8258261	171.4863651
0	60.16251035	94.23233057
0	62.28511401	132.0914991
0	64.32849119	135.8190938
0	62.51823372	129.2795678
0	62.89283084	131.1304466
0	62.39615363	127.0327481
0	60.12116748	113.4069667
0	62.09109128	123.6979033
0	64.25565424	142.5034552
0	66.3513659	131.2779903
0	64.74465538	125.7758123
0	64.40449179	142.1613962
0	69.32174539	157.161889
0	61.8635413	127.0189662
0	64.56048838	134.1981533
0	66.82440769	165.9662314
0	64.785806	147.1909351
0	63.73111285	135.5985922
0	66.32392245	153.2200429
0	66.25724652	142.7152937
0	61.70557579	126.7872994
0	64.68759119	124.7284872
0	69.79498703	182.4511682
0	61.16192129	119.0401618
0	63.37101299	139.2999346
0	66.41886544	134.244935
0	64.64261274	128.6062541
0	63.2913018	126.4099912
0	61.82450712	133.692684
0	67.03246648	179.727325
0	59.33510789	120.8198701
0	61.2369878	114.1607464
0	57.92315936	100.5400428
0	63.40608492	129.3722124
0	64.42841794	142.2058607
0	65.23632185	143.9393476
0	66.53500864	147.5019138
0	65.74773144	145.5762484
0	63.73173268	114.2697496
0	61.57977657	117.9036349
0	59.25272547	139.1408123
0	61.45626213	117.0287168
0	62.61186934	134.765899
0	68.75963603	153.6897385
0	64.59743454	144.3303201
0	60.60301012	100.0015907
0	64.65793999	134.4447848
0	62.45381561	132.6973172
0	62.40533613	116.6023065
0	64.78555122	148.4311769
0	65.08774425	148.2643047
0	62.07752295	128.4930242
0	66.46518404	160.0838642
0	62.54787795	125.5980263
0	65.97857729	141.1139305
0	60.88968151	116.5674876
0	62.75099671	120.5451529
0	63.73556045	142.4912037
0	63.19920307	125.4672539
0	62.14866931	131.1141265
0	63.97147267	150.3774047
0	61.47211056	118.9181143
0	64.94854695	141.6897454
0	62.11217359	118.9793262
0	63.91051577	140.7309516
0	65.24107228	150.2299015
0	64.31786393	114.0650083
0	65.03760715	140.1901888
0	57.31302352	93.8764374
0	63.21573488	127.0051589
0	66.89273656	161.0989821
0	63.97392467	133.4595026
0	60.54177962	118.3763761
0	65.26311424	138.0749014
0	63.45805372	133.5752576
0	65.05338257	150.1064936
0	63.22190719	140.2728344
0	65.65295091	151.182098
0	60.55212552	113.2323362
0	60.58582038	112.599494
0	66.67436003	132.0042801
0	63.20656148	129.9541402
0	68.30676314	166.781195
0	63.58027647	135.7802137
0	60.91802524	119.772634
0	61.29236298	118.330547
0	64.82909933	154.8565691
0	63.26397712	139.0711443
0	64.30821149	140.879463
0	62.5871157	153.5743484
0	67.31091935	160.3957899
0	64.06257877	137.2545183
0	64.24110901	142.5790144
0	60.51154888	123.6937183
0	64.55084076	133.3110571
0	66.03699065	150.9945625
0	61.69894111	117.0037074
0	63.67197195	149.1559471
0	62.9675197	124.8106951
0	68.2692742	155.5871472
0	63.39178727	144.0493874
0	62.48803585	138.3938411
0	65.31368481	136.880954
0	65.41105299	146.9770778
0	65.82002345	155.9419728
0	66.33233514	147.725696
0	65.58196303	143.5412422
0	64.34091962	137.8410749
0	64.62375871	148.9229346
0	65.17625342	139.9963473
0	61.83481717	141.039827
0	64.40018827	140.0335021
0	64.80221252	149.6319486
0	66.70065171	173.532518
0	63.92143124	142.8431034
0	64.65394091	135.0738861
0	66.22926003	169.1016868
0	60.93643879	118.6185409
0	62.41722658	130.7956994
0	62.98525348	122.3220005
0	60.55835474	121.4652052
0	62.79295601	144.8753977
0	67.30340544	165.0186298
0	59.39027981	123.8304131
0	63.67448244	134.6602322
0	65.81900667	170.6271193
0	62.62233713	106.5939857
0	64.15157617	130.4345582
0	70.15511799	164.0033702
0	68.25931114	171.8560355
0	59.96841857	115.4768128
0	58.41716345	96.422171
0	61.30744569	137.065085
0	63.55106972	133.3786991
0	65.42851048	128.0396957
0	61.4944578	129.4209242
0	62.13174991	132.8083526
0	63.43559387	120.1846827
0	66.97101417	166.3983871
0	64.48289484	143.3398695
0	64.17616336	129.6022028
0	67.01341257	166.4366356
0	62.68135251	144.1994757
0	65.28205443	160.4857327
0	66.13906036	151.5007547
0	64.29800817	121.3394372
0	62.63325962	137.9768958
0	63.08417104	148.9551898
0	63.23241937	131.9060709
0	64.8180778	151.493587
0	61.00854419	118.0380533
0	64.74326601	141.4349975
0	63.14416915	120.5550172
0	63.14120887	138.6514777
0	64.36619403	149.6601864
0	63.21748789	135.6010057
0	60.80777241	112.4363416
0	60.43596416	118.0988666
0	66.37704247	151.3091801
0	67.62913313	163.1122725
0	63.09170314	121.0088729
0	67.53541474	175.0195639
0	65.40103859	158.2248264
0	58.99694399	113.734397
0	66.56894023	149.0824803
0	67.12988024	146.6042839
0	61.99156105	129.3215304
0	65.11106366	129.070359
0	65.22079797	151.5697837
0	61.60059709	136.6093456
0	66.29540445	154.6967316
0	62.61646066	114.9883919
0	69.32992168	167.5828524
0	63.23806609	115.985361
0	65.013435	140.6008311
0	60.67485615	128.6158085
0	65.38669083	154.2393633
0	63.10284972	153.5203574
0	63.02422346	131.6392537
0	64.49548969	142.495848
0	63.66911294	141.9149307
0	62.10975704	124.4839472
0	67.06881366	152.456871
0	64.55639843	146.4115417
0	66.0049986	146.668808
0	63.82605461	125.5560132
0	67.61667293	171.1122028
0	66.53849386	164.161857
0	62.53765881	124.9202834
0	69.05832923	174.7276545
0	64.19815531	130.2961772
0	65.06591432	154.4931333
0	63.17674124	133.305963
0	62.89248074	142.8956259
0	61.50048653	126.0883382
0	62.50921346	132.122066
0	65.81759651	138.7105137
0	62.69927767	126.6398712
0	62.00450677	136.9753981
0	64.15710047	130.6241997
0	61.02522498	121.0552793
0	62.74305466	135.3529145
0	62.76372392	134.619078
0	65.54881232	150.0696919
0	63.1152675	127.508136
0	63.73878465	136.2040241
0	67.48169709	170.617082
0	59.76215649	95.50033085
0	64.02695976	138.8764064
0	63.93238794	130.9368575
0	68.26185551	173.3956924
0	60.27626216	92.03794304
0	63.23852471	109.1978498
0	65.33972495	161.4316575
0	62.06933365	132.6547011
0	65.98761029	166.8441143
0	63.60015169	142.6828251
0	58.62120428	105.682556
0	62.35161807	147.7766331
0	62.06446478	135.5538868
0	65.13299844	163.3907701
0	63.78045054	125.9649671
0	61.59570048	125.6904456
0	63.14071992	134.7496608
0	61.38769005	139.3253031
0	62.40406121	132.85967
0	63.09964647	127.8970776
0	65.28709944	145.4692366
0	67.83344971	180.2898314
0	60.90110297	117.0692128
0	62.01186034	122.7093844
0	68.00608897	160.4988713
0	64.41866417	159.9511096
0	64.74200437	146.0469964
0	61.17741725	119.0261998
0	69.1288147	173.7434336
0	59.76169612	106.181546
0	63.88291186	133.2742694
0	63.5988926	124.8295501
0	66.50028416	164.2123781
0	64.39724057	148.3690545
0	67.55589851	154.4369772
0	63.48763708	152.9392832
0	62.19892747	134.4167691
0	65.32796901	139.0454357
0	66.76615661	152.944405
0	64.12314824	144.457759
0	66.54853956	155.9403056
0	63.79158206	137.413178
0	66.18375813	146.0775596
0	65.03453684	145.7060622
0	58.39927328	114.9145238
0	62.75526308	143.6790727
0	61.01691365	122.5511313
0	60.41061095	106.642294
0	65.23813844	135.6482123
0	66.21368062	142.9165337
0	63.37462007	130.4033374
0	65.88856559	136.8025601
0	62.08863158	112.7481098
0	63.92566293	146.8050577
0	58.78175763	90.77470918
0	65.60316823	152.7936436
0	66.29052033	139.9393937
0	65.42024381	142.7267859
0	68.12701632	155.4310065
0	67.39904896	161.3873559
0	68.30162208	168.7869387
0	68.82143178	188.6918621
0	64.1643366	139.6447002
0	66.58673591	143.9984154
0	68.19779554	172.3812749
0	67.91058659	164.3952617
0	69.37973489	177.7000437
0	64.55621193	146.3358968
0	64.9976098	123.8684292
0	60.7325592	129.9316495
0	66.66709852	161.0345294
0	65.4259315	142.451122
0	65.05632512	148.8057397
0	66.24516585	165.6165561
0	65.32867756	133.6936749
0	63.76141993	117.5519873
0	66.61571158	148.7079522
0	64.7054369	146.8487122
0	60.68084562	113.6420604
0	63.78490948	140.4107411
0	60.85835314	117.6964919
0	64.85997324	140.784838
0	65.80002802	151.5569464
0	62.63300531	127.5366647
0	63.38666031	114.5045608
0	62.57349183	120.5834448
0	70.66430035	162.2815552
0	62.72134956	119.4865172
0	67.39192596	167.4882265
0	59.55964771	110.9182256
0	63.68803988	130.3365491
0	63.74143126	140.4540485
0	66.21731487	143.0425668
0	61.51138323	135.0515804
0	62.78104805	135.6287906
0	61.94552329	110.6571421
0	66.2048299	137.1648794
0	63.7848706	134.2283713
0	63.12804299	136.5928005
0	63.88944361	144.3759678
0	66.83723037	152.9198208
0	66.05547263	150.9956725
0	64.26465798	162.8041223
0	61.48963366	119.3303412
0	66.83024309	165.352733
0	60.10786148	122.3637894
0	65.17710023	134.6712491
0	62.45879162	136.0989153
0	61.36405241	115.1757529
0	63.62357422	137.9046333
0	60.77205438	103.2745436
0	64.54224989	162.4134633
0	65.5981805	145.0804043
0	67.51703806	169.3088934
0	61.83143986	144.9127593
0	57.65488503	98.87672255
0	66.16293085	158.1723552
0	65.6923234	174.794469
0	58.64288882	91.13630366
0	66.21507326	175.0809937
0	59.00174196	102.4786647
0	67.96526601	147.3040443
0	68.25823685	165.8457794
0	64.13259552	150.5182954
0	65.05626827	141.1601005
0	60.21339537	109.6628132
0	61.12011643	123.5811647
0	69.11929182	168.8644028
0	66.73988258	152.9366234
0	61.71226676	129.7771305
0	66.1685183	172.006998
0	56.07869973	94.48837405
0	67.95981356	175.3534503
0	63.34998793	139.223151
0	61.45028217	100.8179962
0	68.50544232	176.9049212
0	61.46809964	122.8684986
0	68.4697154	172.5773581
0	65.40302573	146.9503887
0	56.1089021	80.53125938
0	67.46436937	175.8372595
0	63.9165972	145.6242906
0	64.80668583	138.4852177
0	61.224458	130.5390508
0	63.57207387	139.1897546
0	58.50382088	102.1244607
0	68.16015909	158.0961834
0	63.75602373	148.8783229
0	66.39968698	148.6331536
0	59.56761985	130.1192456
0	64.06072083	137.7986914
0	61.82295632	151.621748
0	67.76350432	154.0417587
0	59.55076633	132.9883887
0	62.66758012	124.0339778
0	65.94178819	142.8396459
0	60.78688352	133.2355384
0	67.38247488	158.8175024
0	62.81405346	114.3339155
0	63.36655529	128.0372353
0	67.3571662	163.6671832
0	62.5657304	128.8711963
0	63.07117096	141.2149778
0	62.23463299	118.8527054
0	60.67945691	120.952343
0	62.1406892	117.2872341
0	60.50332654	117.673179
0	62.18398234	131.6591192
0	64.48937563	141.9261221
0	65.26841197	148.2010805
0	66.78882199	152.4106989
0	59.89139662	108.625579
0	66.2065977	169.0897596
0	67.90225224	150.7244488
0	59.08666849	101.0371536
0	69.12915563	164.8190829
0	66.8118904	139.7864756
0	64.15040274	144.985146
0	63.26327461	137.3649025
0	62.61769	138.0824823
0	64.72560185	157.9718802
0	63.4405158	140.1434272
0	63.40291648	118.2716877
0	64.29586199	120.1158208
0	60.26615477	106.1382659
0	64.92362456	122.4857953
0	66.51734475	143.074198
0	64.32892277	140.1812677
0	65.34104083	148.7213997
0	62.24220844	133.3245811
0	60.62639435	128.6173807
0	64.46942285	135.1939719
0	66.41458399	150.9576996
0	68.97499091	167.2199405
0	61.98422986	117.6404541
0	62.16084929	118.5123108
0	61.41058971	139.8998183
0	64.74714798	124.5466856
0	63.84405984	140.0082381
0	66.25825803	160.5300525
0	64.60458117	151.0309724
0	64.40979454	136.2450585
0	67.824715	153.2695716
0	63.73284708	144.7776575
0	69.27197824	168.1817415
0	67.64353866	145.907968
0	60.56848369	110.4907184
0	60.03728766	117.6058738
0	59.62660455	107.4717324
0	68.33344751	175.1345351
0	65.6879083	158.8407203
0	68.1679857	164.961352
0	67.51839902	151.7643136
0	63.46261983	126.6898454
0	63.74303984	126.2939623
0	67.07366076	160.459759
0	62.69468206	126.6927143
0	67.23465395	153.4265061
0	62.80323341	126.0105657
0	62.11751221	137.2821781
0	57.80732285	107.7050259
0	63.41385406	121.2008492
0	62.38553415	137.5336705
0	62.0501442	127.0510315
0	63.77807936	149.8949514
0	68.71741965	166.7999758
0	65.07796828	148.7331537
0	61.56060912	116.6267983
0	61.71892388	121.6065086
0	64.52160984	147.0250106
0	60.7710585	109.8373857
0	65.25472985	140.5053866
0	63.2546663	135.8656636
0	65.0422212	142.9042541
0	63.7838704	139.3405373
0	62.92004949	131.5736751
0	63.27171853	149.1227265
0	64.42433829	136.9769518
0	65.15507988	137.8061657
0	64.24281547	138.4064964
0	61.89365652	117.6461029
0	62.75595876	122.5153196
0	67.71123154	145.4084463
0	66.29391975	168.14351
0	58.57757583	109.0516293
0	61.65177189	129.0282414
0	58.47098364	103.0459528
0	64.95634475	144.7590894
0	57.9470911	91.46899763
0	68.11141864	154.7858828
0	60.14386882	107.1660506
0	65.64262176	155.9110233
0	63.82272487	138.8957124
0	67.54666331	150.8878695
0	67.45028339	168.5170671
0	64.96414662	125.8200715
0	62.14929576	131.1149727
0	64.60135853	168.9078937
0	65.11421536	142.9719144
0	64.31050918	158.7451293
0	62.65934396	124.2572112
0	63.96322684	110.5810019
0	64.93464296	129.2193545
0	66.69035287	157.7938252
0	68.02228235	162.6525282
0	62.9027288	137.0417948
0	63.66579779	122.1482527
0	58.37681219	96.57921203
0	62.2438493	113.2906375
0	67.27724957	155.6426032
0	61.92369767	134.6821266
0	61.64664118	134.4757731
0	63.13233936	130.5147365
0	65.67830604	146.5133767
0	61.82727815	129.6853101
0	61.66643509	120.6061593
0	65.69812788	145.6251842
0	59.2644117	117.535232
0	64.52062705	133.2942383
0	63.90564697	169.0791294
0	60.61438596	130.3700115
0	65.93942566	157.1603635
0	59.27965397	86.89071184
0	66.80249134	152.0677667
0	63.79052863	122.1211978
0	65.68203323	137.067229
0	67.41306357	146.0900406
0	64.76544982	150.5606753
0	66.32396557	148.938464
0	63.69530743	120.9655763
0	61.75031047	141.2854995
0	62.34460773	128.7323902
0	66.38743529	124.277552
0	61.59547432	140.3768012
0	67.94173691	142.9619779
0	64.71546467	146.1894933
0	64.50565391	143.0434578
0	62.78886779	130.0719252
0	69.2467637	168.2180195
0	60.94956167	114.791401
0	65.7774434	167.6862317
0	70.08392113	165.7713225
0	64.39909116	141.7305126
0	62.2671781	129.3516499
0	65.34153085	164.0304165
0	65.880014	131.7614428
0	60.68038772	119.1956979
0	64.38706146	133.1152129
0	68.0593086	150.9796778
0	63.98969206	141.4877525
0	64.10201303	141.74505
0	64.74900746	149.3314873
0	63.15162935	119.1911945
0	60.93869849	135.6015684
0	61.69433713	122.7464946
0	65.74771091	139.8383629
0	68.6686722	168.5407575
0	61.68554306	126.0073366
0	64.37461739	135.6239482
0	60.44378913	109.6883258
0	65.60635039	156.0430873
0	62.78427635	109.0296902
0	61.10051608	114.9558142
0	65.02031402	156.7356928
0	57.48139209	87.49657111
0	59.52719696	123.0446678
0	62.19627449	120.0081987
0	59.99806593	113.9449883
0	62.01501358	121.2394362
0	62.59053471	119.5415943
0	68.6213425	161.3503565
0	60.85431119	140.811514
0	62.1458607	128.9679968
0	59.18173123	106.7724885
0	61.35111385	121.9663436
0	68.60383564	179.1819241
0	64.83144937	128.344592
0	63.01325688	121.7875666
0	59.83771201	127.9477482
0	61.9627955	133.3747615
0	61.24582794	102.9180335
0	61.73903741	127.160584
0	62.61886316	118.7161681
0	65.48082052	144.6430317
0	62.21184244	114.8507623
0	59.99852911	96.8564881
0	65.53155383	158.5988277
0	64.24667196	145.0280152
0	64.0906871	140.5301672
0	62.50449688	142.6396419
0	62.64351709	142.8873793
0	66.64463472	145.5401897
0	68.12290083	163.3446317
0	62.00807715	136.9972204
0	65.59356299	150.9350543
0	63.57792735	140.7609389
0	65.563359	141.2917843
0	56.75760363	88.88485318
0	58.04838794	92.32582991
0	68.59066677	171.175342
0	63.70113971	152.9049628
0	63.17884675	139.0521024
0	67.63212777	164.8676052
0	66.5400155	159.992035
0	62.23130644	136.6812383
0	60.57863068	97.97755401
0	63.3503419	136.1819166
0	67.04924432	160.7380964
0	67.51869267	170.3308892
0	65.65170738	159.4901643
0	62.62385249	142.9468274
0	63.50045353	137.1987003
0	65.87103803	156.4323785
0	64.84723373	144.9068857
0	60.25749331	110.1011398
0	70.9321942	175.9544006
0	59.66434062	107.3222459
0	62.19590817	137.284027
0	66.30910094	147.5865
0	65.67901099	148.2921528
0	58.85839773	98.54936416
0	63.69029962	132.9711104
0	63.16673849	130.7409331
0	60.5977271	106.969692
0	62.82508056	111.6150899
0	62.71365237	119.7897827
0	62.20503763	122.9178819
0	63.85709803	125.4017196
0	60.97800907	125.1043358
0	66.70007476	135.8560078
0	60.30344308	134.6948628
0	62.55949471	129.4392311
0	63.00806713	139.393373
0	61.39920632	118.2432149
